month,trades,wins,losses,profit,win_rate
2025-01,6,6,0,15904.34,100.0
2025-02,8,7,1,19092.15,87.5
2025-03,7,5,2,9648.68,71.42857142857143
2025-04,6,6,0,15880.86,100.0
2025-05,8,8,0,18958.47,100.0
2025-06,10,7,3,16392.46,70.0
2025-07,8,7,1,16032.3,87.5
2025-08,9,9,0,19960.14,100.0
2025-09,7,6,1,14310.93,85.71428571428571
2025-10,10,9,1,22341.81,90.0
2025-11,8,7,1,14422.779999999999,87.5
2025-12,10,10,0,27994.17,100.0
